Snapshot_Date,SKU,Current_Stock,On_Order,Lead_Time_Days,Safety_Stock,Reorder_Point,Inventory_Value,Average_Weekly_Demand,Lead_Time_Demand,Available_Stock,Stockout_Risk,Target_Stock,Excess_Units,Excess_Inventory_Value,Overstock_Risk,Recommended_Action
2025-12-01,SKU001,771,147,4,159,289,2815160.01,100.01904761904763,57.15374149659864,918,Low,559.0761904761905,211.9238095238095,773799.5249523807,High,Review Markdown/Clearance
2025-12-01,SKU002,526,29,3,94,149,2974319.6,70.5904761904762,30.253061224489798,555,Low,376.3619047619048,149.63809523809522,846143.5733333332,High,Review Markdown/Clearance
2025-12-01,SKU003,349,12,3,88,123,2145941.67,40.13333333333333,17.2,361,Low,248.53333333333333,100.46666666666667,617752.454,High,Review Markdown/Clearance
2025-12-01,SKU004,259,254,6,98,196,321905.92,32.19047619047619,27.591836734693878,513,Low,226.76190476190476,32.23809523809524,40068.083809523814,High,Review Markdown/Clearance
2025-12-01,SKU005,471,291,6,129,245,3500674.53,116.15238095238095,99.55918367346939,762,Low,593.6095238095238,0.0,0.0,Low,Healthy
2025-12-01,SKU006,359,485,13,129,340,2378877.6,45.58095238095238,84.65034013605442,844,Low,311.32380952380953,47.67619047619047,315921.50857142854,High,Review Markdown/Clearance
2025-12-01,SKU007,207,460,8,98,237,941442.21,172.65714285714284,197.32244897959183,667,Low,788.6285714285714,0.0,0.0,Low,Healthy
2025-12-01,SKU008,325,155,3,91,161,2165845.5,113.75238095238095,48.75102040816327,480,Low,546.0095238095238,0.0,0.0,Low,Healthy
2025-12-01,SKU009,75,89,7,63,131,224818.5,74.57142857142857,74.57142857142857,164,Low,361.2857142857143,0.0,0.0,Low,Healthy
2025-12-01,SKU010,83,70,13,22,60,595250.27,118.67619047619047,220.3986394557823,153,High,496.7047619047619,0.0,0.0,Low,Reorder Now
2025-12-01,SKU011,753,269,3,179,247,2911918.77,18.580952380952382,7.96326530612245,1022,Low,253.32380952380953,499.67619047619047,1932292.7994285712,High,Review Markdown/Clearance
2025-12-01,SKU012,47,60,12,16,58,67949.78,181.59047619047618,311.29795918367347,107,High,742.3619047619047,0.0,0.0,Low,Reorder Now
2025-12-01,SKU013,151,95,4,32,61,1169978.2,97.99047619047619,55.99455782312925,246,Low,423.96190476190475,0.0,0.0,Low,Healthy
2025-12-01,SKU014,309,334,10,130,299,964407.54,150.32380952380953,214.7482993197279,643,Low,731.2952380952381,0.0,0.0,Low,Healthy
2025-12-01,SKU015,187,245,9,119,265,235038.43,28.514285714285716,36.66122448979592,432,Low,233.05714285714288,0.0,0.0,Low,Healthy
2025-12-01,SKU016,255,187,11,30,129,512180.25,96.6,151.79999999999998,442,Low,416.4,0.0,0.0,Low,Healthy
2025-12-01,SKU017,95,26,12,108,274,636809.7,98.8,169.37142857142857,121,High,503.2,0.0,0.0,Low,Reorder Now
2025-12-01,SKU018,235,102,8,66,184,627647.4,175.71428571428572,200.81632653061226,337,Low,768.8571428571429,0.0,0.0,Low,Healthy
2025-12-01,SKU019,227,114,14,25,126,738421.92,112.4095238095238,224.8190476190476,341,Low,474.6380952380952,0.0,0.0,Low,Healthy
2025-12-01,SKU020,1002,353,3,129,227,5550418.68,96.55238095238096,41.3795918367347,1355,Low,515.2095238095238,486.79047619047617,2696497.956380952,High,Review Markdown/Clearance
2025-12-01,SKU021,88,97,9,36,88,27021.28,59.40952380952381,76.38367346938776,185,Low,273.6380952380953,0.0,0.0,Low,Healthy
2025-12-01,SKU022,95,194,8,76,163,513246.05,70.67619047619047,80.77278911564625,289,Low,358.7047619047619,0.0,0.0,Low,Healthy
2025-12-01,SKU023,130,79,12,41,148,494858.0,103.14285714285714,176.81632653061223,209,Medium,453.57142857142856,0.0,0.0,Low,Healthy
2025-12-01,SKU024,341,18,14,60,259,454699.63,91.0,182.0,359,Low,424.0,0.0,0.0,Low,Healthy
2025-12-01,SKU025,1124,61,14,121,582,4384724.0,18.81904761904762,37.63809523809524,1185,Low,196.2761904761905,927.7238095238095,3619050.5809523803,High,Review Markdown/Clearance
2025-12-01,SKU026,160,70,5,31,59,988598.4,157.47619047619048,112.48299319727892,230,Low,660.9047619047619,0.0,0.0,Low,Healthy
2025-12-01,SKU027,567,103,3,83,133,2599048.62,168.73333333333332,72.31428571428572,670,Low,757.9333333333333,0.0,0.0,Low,Healthy
2025-12-01,SKU028,174,55,11,114,337,85058.16,39.05714285714286,61.37551020408163,229,Low,270.2285714285714,0.0,0.0,Low,Healthy
2025-12-01,SKU029,261,520,5,196,329,891602.1,109.80952380952381,78.43537414965986,781,Low,635.2380952380952,0.0,0.0,Low,Healthy
2025-12-01,SKU030,166,32,9,43,104,342462.98,33.266666666666666,42.77142857142857,198,Low,176.06666666666666,0.0,0.0,Low,Healthy
2025-12-01,SKU031,93,40,13,28,113,234857.55,130.67619047619047,242.6843537414966,133,High,550.7047619047619,0.0,0.0,Low,Reorder Now
2025-12-01,SKU032,278,214,11,60,185,1269626.0,64.96190476190476,102.08299319727891,492,Low,319.84761904761905,0.0,0.0,Low,Healthy
2025-12-01,SKU033,208,168,12,55,183,707096.0,125.94285714285714,215.90204081632652,376,Low,558.7714285714285,0.0,0.0,Low,Healthy
2025-12-01,SKU034,34,103,5,34,58,52497.36,140.2952380952381,100.2108843537415,137,Low,595.1809523809524,0.0,0.0,Low,Healthy
2025-12-01,SKU035,670,76,8,137,304,3918347.6,148.2095238095238,169.38231292517005,746,Low,729.8380952380952,0.0,0.0,Low,Healthy
2025-12-01,SKU036,383,135,3,77,129,574446.38,33.40952380952381,14.318367346938778,518,Low,210.63809523809525,172.36190476190475,258518.72647619044,High,Review Markdown/Clearance
2025-12-01,SKU037,355,687,8,315,644,2004500.4,172.9047619047619,197.60544217687075,1042,Low,1006.6190476190476,0.0,0.0,Low,Healthy
2025-12-01,SKU038,159,310,12,56,175,509262.69,53.72380952380952,92.09795918367347,469,Low,270.8952380952381,0.0,0.0,Low,Healthy
2025-12-01,SKU039,93,35,3,17,31,284026.65,21.904761904761905,9.387755102040817,128,Low,104.61904761904762,0.0,0.0,Low,Healthy
2025-12-01,SKU040,67,29,9,36,93,78024.85,108.55238095238096,139.56734693877553,96,High,470.20952380952383,0.0,0.0,Low,Reorder Now
2025-12-01,SKU041,440,40,4,78,139,2496001.2,77.64761904761905,44.370068027210884,480,Low,388.5904761904762,51.40952380952382,291632.34800000006,High,Review Markdown/Clearance
2025-12-01,SKU042,90,120,6,41,88,698500.8,158.24761904761905,135.64081632653063,210,Low,673.9904761904762,0.0,0.0,Low,Healthy
2025-12-01,SKU043,559,211,12,142,393,2086495.45,155.0095238095238,265.730612244898,770,Low,762.0380952380953,0.0,0.0,Low,Healthy
2025-12-01,SKU044,223,39,5,55,93,222337.69,68.04761904761905,48.60544217687075,262,Low,327.1904761904762,0.0,0.0,Low,Healthy
2025-12-01,SKU045,307,142,4,88,142,558224.24,177.25714285714287,101.28979591836735,449,Low,797.0285714285715,0.0,0.0,Low,Healthy
2025-12-01,SKU046,119,182,4,46,96,563935.05,64.39047619047619,36.79455782312925,301,Low,303.56190476190477,0.0,0.0,Low,Healthy
2025-12-01,SKU047,201,129,9,44,99,1231834.53,103.4095238095238,132.9551020408163,330,Low,457.6380952380952,0.0,0.0,Low,Healthy
2025-12-01,SKU048,106,50,3,22,31,381464.32,58.80952380952381,25.204081632653057,156,Low,257.23809523809524,0.0,0.0,Low,Healthy
2025-12-01,SKU049,780,599,5,206,344,4123321.8,174.98095238095237,124.98639455782312,1379,Low,905.9238095238095,0.0,0.0,Low,Healthy
2025-12-01,SKU050,328,525,14,69,316,1138983.28,43.20952380952381,86.41904761904762,853,Low,241.83809523809524,86.16190476190476,299198.0759047619,High,Review Markdown/Clearance
