SKU,Actual_Demand,Seasonal_Naive,Random_Forest
SKU001,89.0,87.0,83.61
SKU001,91.0,84.0,86.37
SKU001,76.0,84.0,91.85
SKU001,37.0,88.0,88.51
SKU002,55.0,60.0,64.1
SKU002,55.0,64.0,62.23
SKU002,51.0,66.0,60.16
SKU002,27.0,51.0,63.33
SKU003,33.0,37.0,36.3
SKU003,23.0,41.0,34.81
SKU003,34.0,29.0,39.4
SKU003,17.0,38.0,30.96
SKU004,39.0,31.0,31.27
SKU004,38.0,28.0,29.75
SKU004,30.0,22.0,31.54
SKU004,6.0,28.0,31.5
SKU005,103.0,102.0,103.24
SKU005,100.0,115.0,104.37
SKU005,108.0,100.0,104.03
SKU005,50.0,96.0,104.26
SKU006,41.0,31.0,39.57
SKU006,41.0,45.0,38.98
SKU006,43.0,40.0,42.88
SKU006,20.0,37.0,46.54
SKU007,154.0,131.0,165.42
SKU007,149.0,157.0,151.01
SKU007,161.0,181.0,165.0
SKU007,68.0,145.0,151.5
SKU008,112.0,94.0,91.8
SKU008,100.0,91.0,92.91
SKU008,105.0,117.0,107.7
SKU008,36.0,97.0,98.04
SKU009,82.0,62.0,75.04
SKU009,69.0,63.0,82.5
SKU009,77.0,66.0,76.12
SKU009,21.0,77.0,79.68
SKU010,108.0,105.0,116.69
SKU010,102.0,102.0,100.16
SKU010,102.0,104.0,102.26
SKU010,47.0,126.0,107.53
SKU011,23.0,25.0,17.08
SKU011,18.0,9.0,17.98
SKU011,22.0,15.0,18.26
SKU011,3.0,17.0,19.45
SKU012,155.0,163.0,166.81
SKU012,171.0,155.0,164.87
SKU012,150.0,161.0,165.35
SKU012,71.0,167.0,150.06
SKU013,107.0,89.0,90.77
SKU013,96.0,80.0,91.53
SKU013,71.0,95.0,85.07
SKU013,27.0,78.0,88.74
SKU014,137.0,130.0,135.38
SKU014,116.0,130.0,142.58
SKU014,122.0,151.0,123.97
SKU014,51.0,124.0,129.16
SKU015,31.0,24.0,26.36
SKU015,21.0,24.0,24.83
SKU015,27.0,31.0,24.01
SKU015,7.0,22.0,27.72
SKU016,78.0,95.0,77.36
SKU016,74.0,75.0,81.86
SKU016,104.0,71.0,87.6
SKU016,37.0,77.0,89.37
SKU017,96.0,88.0,96.41
SKU017,81.0,87.0,94.64
SKU017,98.0,90.0,94.68
SKU017,37.0,105.0,88.0
SKU018,162.0,142.0,149.84
SKU018,160.0,150.0,154.36
SKU018,161.0,152.0,156.18
SKU018,58.0,158.0,155.74
SKU019,96.0,112.0,95.68
SKU019,107.0,110.0,102.08
SKU019,104.0,88.0,107.71
SKU019,40.0,103.0,97.19
SKU020,82.0,92.0,90.65
SKU020,74.0,81.0,87.19
SKU020,99.0,97.0,88.1
SKU020,43.0,85.0,84.45
SKU021,59.0,45.0,52.21
SKU021,47.0,43.0,54.31
SKU021,50.0,47.0,48.79
SKU021,19.0,52.0,53.81
SKU022,60.0,78.0,58.49
SKU022,62.0,53.0,60.9
SKU022,84.0,69.0,62.04
SKU022,17.0,70.0,70.94
SKU023,98.0,88.0,107.41
SKU023,96.0,88.0,112.46
SKU023,99.0,90.0,96.02
SKU023,39.0,97.0,106.36
SKU024,72.0,82.0,87.72
SKU024,85.0,80.0,79.53
SKU024,71.0,76.0,85.74
SKU024,27.0,93.0,84.44
SKU025,13.0,18.0,20.63
SKU025,14.0,12.0,17.61
SKU025,16.0,9.0,16.12
SKU025,7.0,18.0,19.87
SKU026,128.0,130.0,130.04
SKU026,156.0,128.0,129.23
SKU026,135.0,126.0,139.99
SKU026,55.0,157.0,138.12
SKU027,161.0,149.0,145.12
SKU027,182.0,163.0,147.95
SKU027,144.0,162.0,174.86
SKU027,67.0,153.0,172.95
SKU028,25.0,40.0,37.66
SKU028,22.0,39.0,37.36
SKU028,31.0,34.0,33.82
SKU028,14.0,40.0,33.51
SKU029,115.0,98.0,92.91
SKU029,104.0,97.0,100.01
SKU029,97.0,96.0,102.72
SKU029,35.0,87.0,103.86
SKU030,35.0,34.0,32.08
SKU030,26.0,33.0,32.88
SKU030,28.0,26.0,27.73
SKU030,14.0,25.0,27.85
SKU031,104.0,131.0,129.45
SKU031,132.0,113.0,113.48
SKU031,97.0,104.0,120.71
SKU031,50.0,96.0,120.03
SKU032,56.0,54.0,57.09
SKU032,68.0,70.0,58.61
SKU032,51.0,50.0,55.55
SKU032,26.0,60.0,59.08
SKU033,109.0,116.0,113.91
SKU033,116.0,120.0,105.25
SKU033,96.0,121.0,109.34
SKU033,42.0,117.0,109.26
SKU034,118.0,118.0,127.46
SKU034,119.0,133.0,118.97
SKU034,124.0,130.0,132.71
SKU034,42.0,147.0,120.76
SKU035,128.0,124.0,125.49
SKU035,127.0,133.0,131.43
SKU035,148.0,131.0,120.48
SKU035,40.0,128.0,137.58
SKU036,31.0,30.0,29.67
SKU036,36.0,35.0,30.57
SKU036,30.0,31.0,29.94
SKU036,9.0,27.0,32.16
SKU037,133.0,150.0,151.19
SKU037,139.0,166.0,157.32
SKU037,161.0,144.0,148.22
SKU037,59.0,155.0,146.06
SKU038,49.0,48.0,52.98
SKU038,49.0,61.0,47.85
SKU038,56.0,61.0,47.59
SKU038,31.0,39.0,53.02
SKU039,15.0,24.0,23.01
SKU039,12.0,18.0,16.18
SKU039,21.0,13.0,20.06
SKU039,12.0,23.0,20.64
SKU040,101.0,98.0,101.03
SKU040,93.0,86.0,96.8
SKU040,76.0,76.0,93.43
SKU040,32.0,103.0,85.26
SKU041,66.0,65.0,68.47
SKU041,71.0,52.0,62.47
SKU041,70.0,83.0,72.57
SKU041,25.0,78.0,69.46
SKU042,125.0,132.0,140.88
SKU042,173.0,124.0,143.29
SKU042,148.0,142.0,145.58
SKU042,57.0,156.0,160.82
SKU043,142.0,145.0,135.48
SKU043,132.0,144.0,139.17
SKU043,126.0,113.0,132.08
SKU043,75.0,127.0,130.96
SKU044,57.0,53.0,55.14
SKU044,61.0,46.0,58.71
SKU044,61.0,57.0,51.82
SKU044,19.0,52.0,63.9
SKU045,152.0,150.0,155.27
SKU045,123.0,155.0,152.98
SKU045,157.0,164.0,143.71
SKU045,59.0,166.0,162.17
SKU046,66.0,56.0,58.23
SKU046,57.0,53.0,57.58
SKU046,58.0,52.0,61.51
SKU046,17.0,56.0,59.03
SKU047,86.0,101.0,94.77
SKU047,100.0,81.0,89.72
SKU047,88.0,90.0,92.75
SKU047,41.0,108.0,94.99
SKU048,55.0,47.0,59.53
SKU048,58.0,63.0,53.92
SKU048,40.0,36.0,51.23
SKU048,21.0,57.0,56.02
SKU049,171.0,160.0,155.63
SKU049,147.0,139.0,154.36
SKU049,166.0,159.0,155.27
SKU049,47.0,167.0,146.96
SKU050,34.0,40.0,38.04
SKU050,34.0,41.0,39.17
SKU050,49.0,30.0,35.91
SKU050,27.0,40.0,37.19
