SKU,Current_Stock,On_Order,Lead_Time_Days,Safety_Stock,Reorder_Point,Average_Weekly_Demand,Lead_Time_Demand,Projected_Stock_After_Lead_Time,Stockout_Risk,Four_Week_Demand,Excess_Stock_Units,Overstock_Risk,Recommended_Action,Inventory_Value,Estimated_Excess_Value,Product_Name,Category,Subcategory,Launch_Date,Cost_Price,Selling_Price,Gross_Margin_Per_Unit,Week,Actual_Demand,Random_Forest_Forecast,Seasonal_Naive_Forecast
SKU001,771,147,4,159,289,100.01904761904764,57.15374149659864,860.8462585034014,Low,400.0761904761905,370.9238095238095,High,Review Markdown/Clearance,2815160.01,1354357.8149523807,Product 001,Furniture,Chair,2022-04-09,1758.45,3664.05,1905.6,2026-01-04,37,84.66,78.0
SKU002,526,29,3,94,149,70.5904761904762,30.2530612244898,524.7469387755102,Low,282.3619047619048,243.6380952380952,High,Review Markdown/Clearance,2974319.6,1377675.9733333334,Product 002,Home Decor,Table,2024-05-01,3867.09,3805.69,-61.4,2026-01-04,27,61.13,70.0
SKU003,349,12,3,88,123,40.13333333333333,17.2,343.8,Low,160.53333333333333,188.46666666666667,High,Review Markdown/Clearance,2145941.67,1158849.494,Product 003,Kitchen,Cushion,2023-12-22,589.48,8078.23,7488.75,2026-01-04,17,35.24,32.0
SKU004,259,254,6,98,196,32.19047619047619,27.59183673469388,485.4081632653061,Low,128.76190476190476,130.23809523809524,Medium,Review Excess Stock,321905.92,161870.3238095238,Product 004,Lighting,Cookware,2023-04-28,1445.74,6861.57,5415.83,2026-01-04,6,30.16,37.0
SKU005,471,291,6,129,245,116.15238095238097,99.5591836734694,662.4408163265306,Low,464.6095238095238,6.390476190476193,Low,Healthy,3500674.53,47496.76695238097,Product 005,Storage,Lamp,2023-04-22,5543.63,9493.22,3949.59,2026-01-04,50,104.835,111.0
SKU006,359,485,13,129,340,45.58095238095238,84.65034013605442,759.3496598639456,Low,182.32380952380956,176.67619047619047,Medium,Review Excess Stock,2378877.6,1170727.1085714286,Product 006,Furniture,Shelf,2024-08-02,6021.91,8106.04,2084.13,2026-01-04,20,40.17,45.0
SKU007,207,460,8,98,237,172.65714285714284,197.32244897959183,469.67755102040815,Low,690.6285714285714,0.0,Low,Healthy,941442.21,0.0,Product 007,Home Decor,Cabinet,2022-04-05,7748.2,5114.09,-2634.11,2026-01-04,68,168.39,175.0
SKU008,325,155,3,91,161,113.75238095238096,48.75102040816327,431.2489795918367,Low,455.0095238095238,0.0,Low,Healthy,2165845.5,0.0,Product 008,Kitchen,Rug,2024-02-07,2775.15,9842.64,7067.49,2026-01-04,36,102.755,103.0
SKU009,75,89,7,63,131,74.57142857142857,74.57142857142857,89.42857142857143,Low,298.2857142857143,0.0,Low,Healthy,224818.5,0.0,Product 009,Lighting,Organizer,2022-08-10,3121.06,2336.89,-784.17,2026-01-04,21,79.825,66.0
SKU010,83,70,13,22,60,118.67619047619048,220.3986394557823,-67.3986394557823,High,474.7047619047619,0.0,Low,Reorder Now,595250.27,0.0,Product 010,Storage,Sofa,2022-04-14,3889.06,663.46,-3225.6,2026-01-04,47,111.74,116.0
SKU011,753,269,3,179,247,18.580952380952382,7.96326530612245,1014.0367346938776,Low,74.32380952380953,678.6761904761904,High,Review Markdown/Clearance,2911918.77,2624501.909428572,Product 011,Furniture,Chair,2023-08-03,1718.4,1444.56,-273.84,2026-01-04,3,18.91,17.0
SKU012,47,60,12,16,58,181.59047619047615,311.29795918367347,-204.29795918367347,High,726.3619047619047,0.0,Low,Reorder Now,67949.78,0.0,Product 012,Home Decor,Table,2024-12-09,1256.89,8779.37,7522.48,2026-01-04,71,153.1,161.0
SKU013,151,95,4,32,61,97.9904761904762,55.99455782312925,190.0054421768708,Low,391.9619047619048,0.0,Low,Healthy,1169978.2,0.0,Product 013,Kitchen,Cushion,2024-03-20,3936.71,5757.78,1821.07,2026-01-04,27,82.665,82.0
SKU014,309,334,10,130,299,150.32380952380953,214.7482993197279,428.2517006802721,Low,601.2952380952381,0.0,Low,Healthy,964407.54,0.0,Product 014,Lighting,Cookware,2024-04-17,2008.55,2270.75,262.2,2026-01-04,51,125.525,131.0
SKU015,187,245,9,119,265,28.51428571428572,36.66122448979592,395.3387755102041,Low,114.05714285714286,72.94285714285714,Low,Healthy,235038.43,91681.14771428567,Product 015,Storage,Lamp,2024-02-29,5441.06,6212.12,771.06,2026-01-04,7,23.5,31.0
SKU016,255,187,11,30,129,96.6,151.79999999999998,290.20000000000005,Low,386.4,0.0,Low,Healthy,512180.25,0.0,Product 016,Furniture,Shelf,2024-05-14,3637.93,2166.82,-1471.11,2026-01-04,37,92.265,92.0
SKU017,95,26,12,108,274,98.8,169.37142857142857,-48.37142857142857,High,395.2,0.0,Low,Reorder Now,636809.7,0.0,Product 017,Home Decor,Cabinet,2023-07-19,6703.26,8477.32,1774.06,2026-01-04,37,89.53,85.0
SKU018,235,102,8,66,184,175.71428571428572,200.81632653061223,136.18367346938774,Low,702.8571428571429,0.0,Low,Healthy,627647.4,0.0,Product 018,Kitchen,Rug,2022-05-21,5677.05,5575.41,-101.64,2026-01-04,58,170.36,181.0
SKU019,227,114,14,25,126,112.4095238095238,224.8190476190476,116.1809523809524,Low,449.6380952380952,0.0,Low,Healthy,738421.92,0.0,Product 019,Lighting,Organizer,2024-07-12,2670.84,4819.85,2149.01,2026-01-04,40,96.84,100.0
SKU020,1002,353,3,129,227,96.55238095238096,41.3795918367347,1313.6204081632652,Low,386.20952380952383,615.7904761904762,High,Review Markdown/Clearance,5550418.68,3411072.8163809525,Product 020,Storage,Sofa,2023-05-11,6700.01,3897.54,-2802.47,2026-01-04,43,90.995,93.0
SKU021,88,97,9,36,88,59.40952380952381,76.38367346938776,108.61632653061224,Low,237.63809523809525,0.0,Low,Healthy,27021.28,0.0,Product 021,Furniture,Chair,2023-07-05,6486.92,7711.28,1224.36,2026-01-04,19,46.365,48.0
SKU022,95,194,8,76,163,70.67619047619047,80.77278911564625,208.22721088435372,Low,282.7047619047619,0.0,Low,Healthy,513246.05,0.0,Product 022,Home Decor,Table,2023-02-12,3252.96,4597.03,1344.07,2026-01-04,17,71.355,77.0
SKU023,130,79,12,41,148,103.14285714285714,176.81632653061223,32.18367346938777,Medium,412.57142857142856,0.0,Low,Monitor Stockout Risk,494858.0,0.0,Product 023,Kitchen,Cushion,2022-07-20,2484.54,1416.74,-1067.8,2026-01-04,39,110.42,117.0
SKU024,341,18,14,60,259,91.0,182.0,177.0,Low,364.0,0.0,Low,Healthy,454699.63,0.0,Product 024,Lighting,Cookware,2024-10-16,5539.34,1768.87,-3770.47,2026-01-04,27,75.95,101.0
SKU025,1124,61,14,121,582,18.81904761904762,37.63809523809524,1147.3619047619047,Low,75.27619047619048,1048.7238095238097,High,Review Markdown/Clearance,4384724.0,4091071.580952381,Product 025,Storage,Lamp,2024-05-09,1333.08,11558.01,10224.93,2026-01-04,7,21.75,15.0
SKU026,160,70,5,31,59,157.47619047619048,112.48299319727892,117.51700680272108,Low,629.9047619047619,0.0,Low,Healthy,988598.4,0.0,Product 026,Furniture,Shelf,2023-12-10,1799.29,10939.54,9140.25,2026-01-04,55,141.51,147.0
SKU027,567,103,3,83,133,168.73333333333332,72.31428571428572,597.6857142857143,Low,674.9333333333333,0.0,Low,Healthy,2599048.62,0.0,Product 027,Home Decor,Cabinet,2023-03-19,307.06,8516.6,8209.54,2026-01-04,67,171.455,185.0
SKU028,174,55,11,114,337,39.05714285714286,61.37551020408163,167.62448979591838,Low,156.22857142857143,17.771428571428572,Low,Healthy,85058.16,8687.385142857143,Product 028,Kitchen,Rug,2024-06-24,6348.66,3484.09,-2864.57,2026-01-04,14,35.71,47.0
SKU029,261,520,5,196,329,109.8095238095238,78.43537414965986,702.5646258503401,Low,439.2380952380952,0.0,Low,Healthy,891602.1,0.0,Product 029,Lighting,Organizer,2023-08-23,5402.59,11642.45,6239.86,2026-01-04,35,116.205,114.0
SKU030,166,32,9,43,104,33.266666666666666,42.77142857142857,155.22857142857143,Low,133.06666666666666,32.93333333333334,Low,Healthy,342462.98,67942.45466666667,Product 030,Storage,Sofa,2023-05-03,5715.03,9433.51,3718.48,2026-01-04,14,25.38,21.0
SKU031,93,40,13,28,113,130.67619047619047,242.6843537414966,-109.6843537414966,High,522.7047619047619,0.0,Low,Reorder Now,234857.55,0.0,Product 031,Furniture,Chair,2023-05-11,6300.65,8715.93,2415.28,2026-01-04,50,122.555,138.0
SKU032,278,214,11,60,185,64.96190476190476,102.08299319727892,389.91700680272106,Low,259.84761904761905,18.152380952380952,Low,Healthy,1269626.0,82901.92380952381,Product 032,Home Decor,Table,2022-09-07,3806.6,5612.59,1805.99,2026-01-04,26,56.105,57.0
SKU033,208,168,12,55,183,125.94285714285714,215.9020408163265,160.09795918367348,Low,503.7714285714285,0.0,Low,Healthy,707096.0,0.0,Product 033,Kitchen,Cushion,2022-04-12,4657.74,3558.0,-1099.74,2026-01-04,42,105.81,103.0
SKU034,34,103,5,34,58,140.2952380952381,100.2108843537415,36.789115646258495,Low,561.1809523809524,0.0,Low,Healthy,52497.36,0.0,Product 034,Lighting,Cookware,2023-09-03,1333.43,1518.14,184.71,2026-01-04,42,121.605,129.0
SKU035,670,76,8,137,304,148.2095238095238,169.38231292517003,576.61768707483,Low,592.8380952380952,77.1619047619048,Low,Healthy,3918347.6,451264.42438095255,Product 035,Storage,Lamp,2024-09-03,1137.61,10870.19,9732.58,2026-01-04,40,131.77,139.0
SKU036,383,135,3,77,129,33.40952380952381,14.318367346938778,503.6816326530612,Low,133.63809523809525,249.36190476190475,High,Review Markdown/Clearance,574446.38,374007.94647619047,Product 036,Furniture,Shelf,2022-03-12,5430.12,5687.0,256.88,2026-01-04,9,30.67,22.0
SKU037,355,687,8,315,644,172.9047619047619,197.60544217687075,844.3945578231293,Low,691.6190476190476,0.0,Low,Healthy,2004500.4,0.0,Product 037,Home Decor,Cabinet,2024-08-02,3901.0,2747.42,-1153.58,2026-01-04,59,151.975,159.0
SKU038,159,310,12,56,175,53.72380952380952,92.09795918367348,376.9020408163265,Low,214.89523809523808,0.0,Low,Healthy,509262.69,0.0,Product 038,Kitchen,Rug,2024-06-29,4630.58,3949.1,-681.48,2026-01-04,31,55.855,57.0
SKU039,93,35,3,17,31,21.904761904761905,9.387755102040815,118.6122448979592,Low,87.61904761904762,5.38095238095238,Low,Healthy,284026.65,16433.697619047616,Product 039,Lighting,Organizer,2022-11-01,6178.74,7118.95,940.21,2026-01-04,12,16.97,13.0
SKU040,67,29,9,36,93,108.55238095238096,139.56734693877553,-43.56734693877553,High,434.20952380952383,0.0,Low,Reorder Now,78024.85,0.0,Product 040,Storage,Sofa,2023-11-26,5169.07,2450.56,-2718.51,2026-01-04,32,84.255,101.0
SKU041,440,40,4,78,139,77.64761904761905,44.37006802721088,435.6299319727891,Low,310.5904761904762,129.40952380952382,Medium,Review Excess Stock,2496001.2,734105.2880000001,Product 041,Furniture,Chair,2022-07-01,4540.24,10336.73,5796.49,2026-01-04,25,72.195,74.0
SKU042,90,120,6,41,88,158.24761904761905,135.64081632653065,74.35918367346937,Low,632.9904761904762,0.0,Low,Healthy,698500.8,0.0,Product 042,Home Decor,Table,2024-04-13,4583.86,9198.83,4614.97,2026-01-04,57,153.715,157.0
SKU043,559,211,12,142,393,155.0095238095238,265.730612244898,504.269387755102,Low,620.0380952380953,0.0,Low,Healthy,2086495.45,0.0,Product 043,Kitchen,Cushion,2024-02-10,2605.61,8745.77,6140.16,2026-01-04,75,158.025,169.0
SKU044,223,39,5,55,93,68.04761904761905,48.60544217687075,213.39455782312925,Low,272.1904761904762,0.0,Low,Healthy,222337.69,0.0,Product 044,Lighting,Cookware,2023-01-25,488.84,5412.28,4923.44,2026-01-04,19,56.33,63.0
SKU045,307,142,4,88,142,177.25714285714287,101.28979591836736,347.71020408163264,Low,709.0285714285715,0.0,Low,Healthy,558224.24,0.0,Product 045,Storage,Lamp,2022-03-16,3634.56,7676.78,4042.22,2026-01-04,59,155.27,162.0
SKU046,119,182,4,46,96,64.39047619047619,36.79455782312925,264.20544217687075,Low,257.5619047619048,0.0,Low,Healthy,563935.05,0.0,Product 046,Furniture,Shelf,2024-12-03,1913.03,7175.54,5262.51,2026-01-04,17,51.77,56.0
SKU047,201,129,9,44,99,103.4095238095238,132.9551020408163,197.0448979591837,Low,413.6380952380952,0.0,Low,Healthy,1231834.53,0.0,Product 047,Home Decor,Cabinet,2023-05-06,3416.1,7938.22,4522.12,2026-01-04,41,100.08,114.0
SKU048,106,50,3,22,31,58.80952380952381,25.204081632653057,130.79591836734693,Low,235.23809523809524,0.0,Low,Healthy,381464.32,0.0,Product 048,Kitchen,Rug,2024-09-09,6863.87,1379.55,-5484.32,2026-01-04,21,48.155,52.0
SKU049,780,599,5,206,344,174.98095238095237,124.98639455782312,1254.0136054421769,Low,699.9238095238095,80.0761904761905,Low,Healthy,4123321.8,423307.5664761906,Product 049,Lighting,Organizer,2024-01-16,2063.03,5223.37,3160.34,2026-01-04,47,166.08,198.0
SKU050,328,525,14,69,316,43.20952380952381,86.41904761904762,766.5809523809523,Low,172.83809523809524,155.16190476190476,High,Review Markdown/Clearance,1138983.28,538801.265904762,Product 050,Storage,Sofa,2024-05-06,701.85,882.72,180.87,2026-01-04,27,41.34,47.0
