SKU,Forecast_Week,Forecast_Units
SKU001,2026-01-11,75.69
SKU002,2026-01-11,46.02
SKU003,2026-01-11,30.95
SKU004,2026-01-11,32.26
SKU005,2026-01-11,83.38
SKU006,2026-01-11,37.04
SKU007,2026-01-11,132.69
SKU008,2026-01-11,78.76
SKU009,2026-01-11,59.78
SKU010,2026-01-11,88.92
SKU011,2026-01-11,17.5
SKU012,2026-01-11,133.3
SKU013,2026-01-11,88.5
SKU014,2026-01-11,87.62
SKU015,2026-01-11,22.42
SKU016,2026-01-11,71.11
SKU017,2026-01-11,79.72
SKU018,2026-01-11,131.8
SKU019,2026-01-11,84.8
SKU020,2026-01-11,67.89
SKU021,2026-01-11,45.78
SKU022,2026-01-11,54.22
SKU023,2026-01-11,81.64
SKU024,2026-01-11,61.22
SKU025,2026-01-11,16.39
SKU026,2026-01-11,106.61
SKU027,2026-01-11,128.16
SKU028,2026-01-11,27.36
SKU029,2026-01-11,83.3
SKU030,2026-01-11,28.12
SKU031,2026-01-11,84.28
SKU032,2026-01-11,50.44
SKU033,2026-01-11,91.75
SKU034,2026-01-11,99.61
SKU035,2026-01-11,86.54
SKU036,2026-01-11,27.88
SKU037,2026-01-11,113.08
SKU038,2026-01-11,47.34
SKU039,2026-01-11,16.97
SKU040,2026-01-11,89.92
SKU041,2026-01-11,55.22
SKU042,2026-01-11,121.84
SKU043,2026-01-11,111.56
SKU044,2026-01-11,47.92
SKU045,2026-01-11,114.76
SKU046,2026-01-11,43.72
SKU047,2026-01-11,85.08
SKU048,2026-01-11,37.77
SKU049,2026-01-11,136.57
SKU050,2026-01-11,32.76
